{"cameraMode":{"drawMode":0,"name":"Shaded","section":"Shading Mode"},"sceneLighting":true,"audioPlay":false,"sceneViewState":{"m_AlwaysRefresh":false,"showFog":true,"showSkybox":true,"showFlares":true,"showImageEffects":true,"showParticleSystems":true,"showVisualEffectGraphs":true,"m_FxEnabled":true},"in2DMode":false,"pivot":{"x":0.40464824438095095,"y":0.9824581742286682,"z":1.773206114768982},"rotation":{"x":0.013852821663022042,"y":-0.6547663807868958,"z":0.011969936080276966,"w":0.7556270956993103},"size":3.564187526702881,"orthographic":false}