{"cameraMode":{"drawMode":0,"name":"Shaded","section":"Shading Mode"},"sceneLighting":false,"audioPlay":false,"sceneViewState":{"m_AlwaysRefresh":false,"showFog":true,"showSkybox":false,"showFlares":true,"showImageEffects":true,"showParticleSystems":true,"showVisualEffectGraphs":true,"m_FxEnabled":true},"in2DMode":false,"pivot":{"x":2.6726527214050295,"y":0.5325459241867065,"z":-1.5679998397827149},"rotation":{"x":0.14021910727024079,"y":-0.47671639919281008,"z":0.0773082971572876,"w":0.8643666505813599},"size":2.7995426654815676,"orthographic":false}